overall_mean,overall_sd,n_samples
7.40326624578596,0.306632141734469,9
