pathway	pval	padj	log2err	ES	NES	size	leadingEdge
HALLMARK_TNFA_SIGNALING_VIA_NFKB	2.678472168323664e-7	1.3392360841618318e-6	0.674962860011025	-0.5095276223077458	-1.9843016267125761	137	
HALLMARK_INFLAMMATORY_RESPONSE	0.0031813443348192713	0.007953360837048179	0.4317076958033464	-0.4113396109058282	-1.594187536751527	129	
HALLMARK_FATTY_ACID_METABOLISM	0.027390913477692482	0.0456515224628208	0.35248785758361917	0.28686596272690457	1.305428999173231	118	
HALLMARK_INTERFERON_GAMMA_RESPONSE	0.42039800995024873	0.525497512437811	0.06392719333599958	-0.2707007926656097	-1.0225949489431045	113	
HALLMARK_INTERFERON_ALPHA_RESPONSE	0.9012693935119888	0.9012693935119888	0.03434311911356149	-0.2179746742234021	-0.7277837052046472	48	
